Place Name,State,Latitude,Longitude
Green Park,Delhi,28.558899,77.202805
"Nilgiris District, Thamil Nadu",Not Delhi,11.416667,76.683334
"Nage Layout, Kaulkhed, Akola, Maharashtra",Not Delhi,20.673210,77.012810
"Dahigaon Ne., Maharashtra",Not Delhi,19.511562,75.198494
"Ambedkar Nagar, Uttar Pradesh",Not Delhi,26.407057,82.397972
"Jothi Nagar, Pollachi, Tamil Nadu",Not Delhi,10.638598,77.018883
"Janak Nagar, Saharanpur, Uttar Pradesh",Not Delhi,29.957846,77.554115
"Vasna, Ahmedabad, Gujarat",Not Delhi,23.003992,72.546074
"Woraiyur, Tiruchirappalli, Tamil Nadu",Not Delhi,10.830512,78.682419
"Mauli Baidwan, Sahibzada Ajit Singh Nagar, Punjab",Not Delhi,30.678722,76.722153
"Behala, Kolkata, West Bengal",Not Delhi,22.498140,88.310837
"Ghasiara, Kolkata, West Bengal",Not Delhi,22.441265,88.445572
"Vivekananda Pally, Behala, Kolkata, West Bengal",Not Delhi,22.589590,88.461838
"Kadhanga, Odisha",Not Delhi,20.228069,86.266090
"Rajouri Garden, New Delhi",Delhi,28.641529,77.120918
"Putligarh, Amritsar, Punjab",Not Delhi,31.632898,74.843208
"Mhasrul Gaon, Nashik, Maharashtra",Not Delhi,20.046701,73.807770
"Madhapur, Hyderabad, Telangana",Not Delhi,17.448294,78.391487
"Jalalipatti, Uttar Pradesh",Not Delhi,25.279940,82.951500
"Munshi Bazar, Asansol, West Bengal",Not Delhi,23.690611,86.968666
"Sant Kabir Nagar, Nashik, Maharashtra",Not Delhi,20.006470,73.751312
"Lokgram, Kalyan, Maharashtra",Not Delhi,19.228762,73.126846
"Cooke Town, Bengaluru, Karnataka",Not Delhi,13.003168,77.622826
"Egmore, Chennai, Tamil Nadu",Not Delhi,13.073226,80.260918
"Maharaja Nagar, Tirunelveli, Tamil Nadu",Not Delhi,8.707375,77.758698
"Kajoor, Chittoor, Andhra Pradesh",Not Delhi,13.201411,79.082954
"Dayanand Nagar, Gorakhpur, Uttar Pradesh",Not Delhi,26.791519,83.360237
"Loksahakar Nagar, Nashik, Maharashtra",Not Delhi,20.015768,73.799309
"Amarjai, Fatehpur, Uttar Pradesh",Not Delhi,25.926411,80.813599
"Malakpet, Hyderabad, Telangana",Not Delhi,17.373093,78.490036
"Guindy, Chennai, Tamil Nadu",Not Delhi,13.010236,80.215652
"Kalindipuram, Allahabad, Uttar Pradesh",Not Delhi,25.430883,81.787910
"Arya Nagar, Bhilai, Chhattisgarh",Not Delhi,21.229767,81.335884
"Rajwanshi Nagar, Saharsa, Bihar",Not Delhi,25.892298,86.598106
"Panchavati, Nashik, Maharashtra",Not Delhi,20.007357,73.792992
"Begumpet, Hyderabad, Telangana",Not Delhi,17.444708,78.466377
"Perungudi, Chennai, Tamil Nadu",Not Delhi,12.965365,80.246109
"Ladakh, Jammu and Kashmir",Not Delhi,34.209515,77.615112
"Mahe, Maharashtra",Not Delhi,16.640120,74.145874
"Bindapur, New Delhi",Delhi,28.610722,77.065971
"Karkardooma, Anand Vihar",Delhi,28.652946,77.302284
"Rampur Garden, Bareilly, Uttar Pradesh",Not Delhi,28.352783,79.423973
"Sudamdih, Pathardih, Jharkhand",Not Delhi,23.671280,86.423401
"Neminagar, Damoh, Madhya Pradesh",Not Delhi,23.820818,79.431709
"Memnagar, Ahmedabad, Gujarat",Not Delhi,23.052553,72.533730
"Dilshad Garden, New Delhi",Delhi,28.683903,77.315094
"Eloor, Ernakulam, Kerala",Not Delhi,10.073232,76.302765
"Nandanam, Chennai, Tamil Nadu",Not Delhi,13.030105,80.241425
"Shivajinagar, Pune, Maharashtra",Not Delhi,18.530823,73.847466
"Tathawade, Dattwadi, Maharashtra",Not Delhi,18.627598,73.745491
"Dum Dum, Kolkata, West Bengal",Not Delhi,22.647051,88.431686
"Telugu Peta, Nandyal, Andhra Pradesh",Not Delhi,15.488720,78.485641
"Ramanand Nagar, Jalgaon, Maharashtra",Not Delhi,20.996546,75.549385
"Alni, Osmanabad, Maharashtra",Not Delhi,18.287081,76.007957
"Hanuman Wadi, Chalisgaon, Maharashtra",Not Delhi,20.464930,75.006721
"Pudupalaiyam, Rajapalayam, Tamil Nadu",Not Delhi,9.448815,77.557175
"Char Rasta, Ahmedabad, Gujarat",Not Delhi,23.050339,72.632401
"Sion East, Dharavi, Mumbai, Maharashtra",Not Delhi,19.035288,72.867119
"Shahr, Balapur, Maharashtra",Not Delhi,20.672806,76.773361
"Kalimali, Jharkhand",Not Delhi,22.778872,86.227402
"Sidhgora, Jamshedpur, Jharkhand",Not Delhi,22.804174,86.232056
"Karol Bagh, New Delhi",Delhi,28.661369,77.194405
"Khanji, Warora, Maharashtra",Not Delhi,20.251728,79.010757
"Okhla I, Okhla Industrial Area, New Delhi",Delhi,28.525377,77.280106
"Sanjeeva Reddy Nagar, Hyderabad, Telangana",Not Delhi,17.443649,78.445824
"Patel Nagar, Gurugram, Haryana",Not Delhi,28.460596,77.039597
"Hudcu, Savarkar Nagar, Manmad, Maharashtra",Not Delhi,20.251530,74.426918
"Badnera, Maharashtra",Not Delhi,20.859764,77.736801
"Lajpat Nagar, New Delhi",Delhi,28.569271,77.244110
"Hampankatta, Mangaluru, Karnataka",Not Delhi,12.872114,74.843407
"Krishnarajapura, Bengaluru, Karnataka",Not Delhi,13.004725,77.687592
"Barkhedi, Bhopal, Madhya Pradesh",Not Delhi,23.255404,77.414452
"Millat Colony, Rajgangpur, Odisha",Not Delhi,22.191610,84.586693
"Aerocity, Indira Gandhi International Airport, New Delhi",Delhi,28.550421,77.121765
"Gandipuram, Coimbatore, Tamil Nadu",Not Delhi,11.020983,76.966331
"Laxmipuram, Hanamkonda, Telagana",Not Delhi,18.001408,79.567047
"Saraswathipura, Bengaluru, Karnataka",Not Delhi,13.010390,77.538300
"Adarsh Colony, Bagru, Rajasthan",Not Delhi,26.814882,75.545647
"Palarivattom, Kochi, Kerala",Not Delhi,9.998480,76.311935
"Dayalpur, Tukhmirpur, New Delhi",Delhi,28.718573,77.261353
"Bemina, Srinagar",Not Delhi,34.078667,74.765587
"Shakarpur, New Delhi",Delhi,28.627949,77.278618
"Tatabad, Coimbatore, Tamil Nadu",Not Delhi,11.022312,76.960968
"Babu Purwa, Kanpur, Uttar Pradesh",Not Delhi,26.437588,80.342735
"Kommaghatta, Karnataka",Not Delhi,12.921371,77.464462
"Civil Lines, Alka Puri Colony, Allahabad, Uttar Pradesh",Not Delhi,25.459085,81.832695
"Piraman, Ankleshwar, Gujarat",Not Delhi,21.617355,72.997627
"Ashok Puri, New Colony, Gurgaon, Haryana",Not Delhi,28.473103,77.020401
"Kanahi, Gurugram, Haryana",Not Delhi,28.451317,77.076584
"Gandhi Murti, Pali, Rajasthan",Not Delhi,25.781073,73.330353
"Kydgang, Allahabad, Uttar Pradesh",Not Delhi,25.432571,81.851311
"Dakshinpuri, New Delhi",Delhi,28.520741,77.239075
"Lingaraj Vihar, Pokhariput, Bhubaneswar, Odisha",Not Delhi,20.237900,85.814705
"Kalikapur, Haltu, Kolkata, West Bengal",Not Delhi,22.500914,88.394936
"Amarsinghpura, Bikaner, Rajasthan",Not Delhi,28.037510,73.314865
"Kareli, Allahabad, Uttar Pradesh",Not Delhi,25.428574,81.819588
"Hulimavu, Bengaluru, Karnataka",Not Delhi,12.880505,77.608192
"Vasai East, Vasai, Maharashtra",Not Delhi,19.393345,72.862427
"Sai Nagar, Amravati, Maharashtra",Not Delhi,20.895115,77.729385
"Somanath Temple, Bapunagar, Ahmedabad, Gujarat ",Not Delhi,23.036144,72.628151
"Lakshmipuram, Kempegowda Nagar, Bengaluru, Karnataka",Not Delhi,12.947931,77.561226
"Loni Dehat, Uttar Pradesh",Not Delhi,28.758314,77.300537
"Shikshak Colony, Chalisgaon, Maharashtra",Not Delhi,20.474583,74.998726
"Nekar Nagar, Hubballi, Karnataka",Not Delhi,15.322364,75.125221
"Bagalakunte, Bengaluru, Karnataka",Not Delhi,13.052682,77.495476
"Malleshpalya, Kaggadasapura, Bengaluru, Karnataka",Not Delhi,12.975676,77.677849
"Golghar, Gorakhpur, Uttar Pradesh",Not Delhi,26.751213,83.376266
"Ecco City, Bagru, Rajasthan",Not Delhi,26.823713,75.540405
"Faizan Institute Of Computer Technology, Qaziyara, Sitapur, Uttar Pradesh",Not Delhi,27.580564,80.677032
"Qaziyara, Sitapur, Uttar Pradesh",Not Delhi,27.583118,80.675690
"Husainabad, Jaunpur, Uttar Pradesh",Not Delhi,25.732555,82.692894
"Karkhana, Secunderabad, Telangana",Not Delhi,17.461426,78.500069
"Duggal Farm, Sector 15 Dwarka, Dwarka",Delhi,28.613279,77.028557
"New Pawan Nagar, Pawan Nagar, Amritsar, Punjab",Not Delhi,31.637186,74.895561
"Verka, Amritsar, Punjab",Not Delhi,31.665501,74.929649
"Nagole, Hyderabad, Telangana",Not Delhi,17.371473,78.569504
"Ramanthapur, Hyderabad, Telangana",Not Delhi,17.391930,78.538376
"Sneha Nagar, Laxmi Nagar, Sillod, Maharashtra",Not Delhi,20.301481,75.649536
"Thindal, Erode, Tamil Nadu",Not Delhi,11.317164,77.676392
"Krishna Nagar, Sri Nagar, Raebareli, Uttar Pradesh",Not Delhi,26.207460,81.253258
"Nana Varachha, Surat, Gujarat",Not Delhi,21.230005,72.900902
"Mansarovar, Rajasthan",Not Delhi,26.850262,75.761726
"Kendupatna, Barang, Odisha",Not Delhi,20.401421,85.842865
"Bedla, Udaipur, Rajasthan",Not Delhi,24.646944,73.694824
"Lalaguda, Mettuguda, Secunderabad, Telangana",Not Delhi,17.436600,78.521362
"Civil Lines, Betul, Madhya Pradesh",Not Delhi,21.902008,77.907822
"Durga Nagar, Firozabad, Uttar Pradesh",Not Delhi,27.156118,78.402428
"Brookefield, Bengaluru, Karnataka",Not Delhi,12.973864,77.713768
"Professor Colony, Giridih, Jharkhand",Not Delhi,24.194187,86.304192
"Kurla, Mumbai, Maharashtra",Not Delhi,19.059984,72.889999
"Nayapalli, Bhubaneswar, Odisha",Not Delhi,20.289898,85.810219
"Atladara, Vadodara, Gujarat",Not Delhi,22.270041,73.149727
"Partap Sasan, Uttara, Odisha",Not Delhi,20.202372,85.868217
"Lohara, Ludhiana, Punjab",Not Delhi,30.845461,75.886803
"Infocity, Chandrasekharpur, Bhubaneswar, Odisha",Not Delhi,20.344744,85.803818
"Kondalampatti, Salem, Tamil Nadu",Not Delhi,11.634618,78.123848
"Medchal, Secunderabad, Telangana",Not Delhi,17.630222,78.484215
"Karamganj, Darbhanga, Bihar",Not Delhi,26.130026,85.892578
"Anand Nagar, Nanded, Maharashtra",Not Delhi,19.174959,77.319305
"Ghantaghar, Ghaziabad, Uttar Pradesh",Not Delhi,28.661770,77.425415
"Durga Nagar, Jabalpur, Madhya Pradesh",Not Delhi,23.196329,79.948296
"Raviwar Peth, Pune, Maharashtra",Not Delhi,18.517454,73.861244
"Rajendra Nagar, Khagaria, Bihar",Not Delhi,25.513687,86.480019
"Harinayan Park, Isbavi, Pandharpur, Maharashtra",Not Delhi,17.689329,75.303101
"Ishwar Nagar, Nagpur, Maharashtra",Not Delhi,21.128143,79.125618
"Kasturi Park, Narendrapur, Kolkata, West Bengal",Not Delhi,22.451530,88.399818
"Peint, Maharashtra",Not Delhi,20.264774,73.508148
"Ranip, Ahmedabad, Gujarat",Not Delhi,23.080135,72.572174
"Telinipara, Bhadreswar, West Bengal",Not Delhi,22.835373,88.360992
"Noori Market, Jaspur, Uttarakhand",Not Delhi,29.280394,78.831718
"Muthuramalinga Puram, Madurai, Tamil Nadu",Not Delhi,9.907271,78.094429
"Holipura, Uttar Pradesh",Not Delhi,26.903660,78.514259
"Kurla East, Mumbai, Maharashtra",Not Delhi,19.062054,72.883438
"Super Nagar, Perambalur, Tamil Nadu",Not Delhi,11.235264,78.858414
"Hatagarpet, Koppal, Karnataka",Not Delhi,15.346634,76.151489
"Chimmipwara, Deoband, Uttar Pradesh",Not Delhi,29.692122,77.680321
"Laaj Kunj, Tiwari Pura, Dabra, Madhya Pradesh",Not Delhi,25.883467,78.327850
"Ballabhgarh, Haryana",Not Delhi,28.341639,77.325348
"Chinhat, Lucknow, Uttar Pradesh",Not Delhi,26.879129,81.040222
"Simada Gam, Surat, Gujarat",Not Delhi,21.221901,72.900063
"Akshay Park, Hubli, Karnataka",Not Delhi,15.349241,75.110558
"Mominpura, Nagpur, Maharashtra",Not Delhi,21.155722,79.094162
"Ramanathapuram, Coimbatore, Tamil Nadu",Not Delhi,10.997455,76.991592
"Badarpur, New Delhi",Delhi,28.503962,77.301826
"Rajendra Nagar, Hubballi, Karnataka",Not Delhi,15.345651,75.117004
"Khardaha, Kolkata, West Bengal",Not Delhi,22.700346,88.374535
"Veerannapet, Mahbubnagar, Telangana",Not Delhi,16.744120,77.979477
"Hakikat Nagar, Jind, Haryana",Not Delhi,29.338751,76.295883
"Saravanampatty, Coimbatore, Tamil Nadu",Not Delhi,11.076375,77.002983
"Melapalayam, Tirunelveli, Tamil Nadu",Not Delhi,8.704419,77.713730
"Viman Nagar, Pune, Maharashtra",Not Delhi,18.566526,73.912239
"Uthamapuram, Cumbum, Tamil Nadu",Not Delhi,9.742051,77.284348
"Loharsi, Chhattisgarh",Not Delhi,21.103676,81.496544
"Syam Way Pharmacity Colony, Vedullanarava, Andhra Pradesh",Not Delhi,17.696905,83.114456
"Rethibowli, Mehdipatnam, Hyderabad, Telangana",Not Delhi,17.392130,78.428604
"Naroda, Ahmedabad, Gujarat",Not Delhi,23.068586,72.653595
"KHB Games Village, Koramangala, Bengaluru, Karnataka",Not Delhi,12.945240,77.622826
"Chaukipur, Uttar Pradesh",Not Delhi,25.763325,82.719879
"Maqbool Nagar, Uttar Pradesh",Not Delhi,26.299276,81.971207
Abul Fazal Enclave,Delhi,28.559238,77.293312
"Kharvad Ground, Vadnagar, Gujarat",Not Delhi,23.792542,72.635262
"Chelekare, HRBR Layout, Bengaluru, Karnataka",Not Delhi,13.025689,77.644119
"HRBR Layout, Bengaluru, Karnataka",Not Delhi,13.025402,77.644302
"Dabri, New Delhi",Delhi,28.609674,77.089539
"Rampole Ki Bari Colony, Kabir Nagar, Jodhpur, Rajasthan",Not Delhi,26.299938,73.013405
"Patankar Bazar, Daulat Ganj, Gwalior, Madhya Pradesh",Not Delhi,26.202232,78.157845
"Guniyapur, Uttar Pradesh",Not Delhi,29.531151,78.342934
"Randhir Colony, Morar, Gwalior, Madhya Pradesh",Not Delhi,26.245176,78.211517
"Lalitha Nagar, Akkayyapalem, Visakhapatnam, Andhra Pradesh",Not Delhi,17.735182,83.301376
"Kalyan Nagar, Bengaluru, Karnataka",Not Delhi,13.028005,77.639969
"Bir, Beed, Maharashtra",Not Delhi,18.984575,75.757202
"Bagh-e-Jahan Ara, Madannapet, Hyderabad, Telangana",Not Delhi,17.363512,78.493797
"Bhayandar East, Mira Bhayandar, Maharashtra",Not Delhi,19.305601,72.859375
"Zumbropuram, Goripalayam, Madurai, Tamil Nadu",Not Delhi,9.933491,78.127579
"IIFL Mahavir Enclave, New Delhi",Delhi,28.602983,77.078239
"Mahalaxmi Sindhi Colony, Matunga West, Mumbai, Maharashtra",Not Delhi,19.028082,72.844902
"Khamla, Nagpur, Maharashtra",Not Delhi,21.109221,79.057442
"Khushhalpur, Moradabad, Uttar Pradesh",Not Delhi,28.843233,78.739120
"Madina Colony, Falaknuma, Hyderabad, Telangana",Not Delhi,17.335840,78.465958
"Veer Sawarkar Nagar, Indore, Madhya Pradesh",Not Delhi,22.700949,75.858482
"Naini, Allahabad, Uttar Pradesh",Not Delhi,25.379194,81.877068
"Madinah Mohalla, Balotra, Rajasthan",Not Delhi,25.835470,72.244148
"Gajandoh F.V., Madhya Pradesh",Not Delhi,21.774109,78.754707
"Sri Krishna Puri, Patna, Bihar",Not Delhi,25.609688,85.118111
"Muni Ki Reti, Rishikesh, Uttarakhand",Not Delhi,30.119858,78.303131
"Kondhwa, Pune, Maharashtra",Not Delhi,18.477091,73.890686
"Kalapather, Ramnas Pura, Hyderabad, Telangana",Not Delhi,17.345316,78.459923
"Mohan Pur, Barrackpore, West Bengal",Not Delhi,22.771290,88.395699
"Sono, Jamui, Bihar",Not Delhi,24.924376,86.220612
"Annai Indira Gandhi Salai, Kanchipuram, Tamil Nadu",Not Delhi,12.837754,79.703430
"Kauwapur, Uttar Pradesh",Not Delhi,25.454666,83.093842
"Akkaravilai, Kappukad, Tamil Nadu",Not Delhi,8.299226,77.202614
"Indira Colony, Vigyan Nagar, Kota, Rajasthan",Not Delhi,25.147743,75.862839
"Ratanpar, Surendranagar, Gujarat",Not Delhi,22.714808,71.628769
"Lohamandi, Agra, Uttar Pradesh",Not Delhi,27.194145,77.973228
"Bhatrewas, Mandsaur, Madhya Pradesh",Not Delhi,24.071531,75.059654
"Sikulpuikawn, Aizawl, Mizoram",Not Delhi,23.717396,92.718117
"Orris Flats, Gurgaon, Haryana",Not Delhi,28.405382,76.952461
"Hussain Nagar, Gorakhpur, Uttar Pradesh",Not Delhi,26.781536,83.397636
Sangam Vihar,Delhi,28.497511,77.240585
"Durga Colony, Roorkee, Uttarakhand",Not Delhi,29.839840,77.918175
"Shera, Godhra, Gujarat",Not Delhi,22.773596,73.613884
"Jain Nagar, Firozabad, Uttar Pradesh",Not Delhi,27.163540,78.385643
"Sadar Bazar, Raipur, Chhattisgarh",Not Delhi,21.236977,81.634331
"Kalamba, Kolhapur, Maharashtra",Not Delhi,16.670483,74.216423
"Andheri, Mumbai",Not Delhi,19.114424,72.867943
"Kundalahalli, Brookefield, Bengaluru, Karnataka",Not Delhi,12.968997,77.720886
"Bhadas, Haryana",Not Delhi,27.941439,77.008942
"Vartak Nagar, Thane, Maharashtra",Not Delhi,19.208258,72.961014
"Alkapuri Colony, Bishundatpur, Muzaffarpur, Bihar",Not Delhi,26.124815,85.353676
"Obra, Uttar Pradesh",Not Delhi,24.474503,82.987785
"Kherai, Madhya Pradesh",Not Delhi,24.394129,77.524681
"Mahaveer Nagar Extension, Mahaveer Nagar, Kota, Rajasthan",Not Delhi,25.137390,75.830879
"Chandapura, Bommasandra, Karnataka",Not Delhi,12.800494,77.713615
"Vijayanagar, Bengaluru, Karnataka",Not Delhi,12.971940,77.532745
"Shiv Shakti Nagar, Indore, Madhya Pradesh",Not Delhi,22.744614,75.890427
"Kamrarmath, Bankura, West Bengal",Not Delhi,23.230600,87.075226
"Banashankari, Bengaluru, Karnataka",Not Delhi,12.925453,77.546761
"Nehru Nagar, Defence Colony, Meerut, Uttar Pradesh",Not Delhi,29.009857,77.744133
"Anaith, Arrah, Bihar 802302",Not Delhi,25.546770,84.667526
"Danavai Peta, Rajamahendravaram, Andhra Pradesh",Not Delhi,17.032101,81.793900
"Uttam Nagar, Hastsal, New Delhi",Delhi,28.636944,77.052849
"Nandanvan Colony, Padegaon, Aurangabad, Maharashtra",Not Delhi,19.890022,75.305504
"Kharadi, Pune, Maharashtra",Not Delhi,18.550985,73.934982
"Kothapeta, Vinukonda, Andhra Pradesh",Not Delhi,16.052683,79.740021
"Lal Darwaja, Ahmedabad, Gujarat",Not Delhi,23.026352,72.581902
"Yerawada, Maharashtra",Not Delhi,18.556032,73.877495
"Langre Ki Chowki, Civil Lines, Agra, Uttar Pradesh",Not Delhi,27.206295,78.027390
"Kanjhawala, New Delhi",Delhi,28.734730,77.004173
"Kankarbagh, Patna, Bihar",Not Delhi,25.593819,85.160530
"Jattan Mohalla, Hoshiarpur, Punjab",Not Delhi,31.535049,75.910110
"New Sohabatia Bagh, Allahabad, Uttar Pradesh",Not Delhi,25.448093,81.867058
"Gola Bazar, Uttar Pradesh",Not Delhi,26.351498,83.343399
"Karve Nagar, Pune, Maharashtra",Not Delhi,18.489759,73.820297
"Perambur, Chennai, Tamil Nadu",Not Delhi,13.116018,80.231667
"Yakubpur, Noida, Uttar Pradesh",Not Delhi,28.523951,77.409950
"Sunderpur, Kurukshetra, Haryana",Not Delhi,29.959480,76.865005
"Dargah Bazar, Ajmer, Rajasthan",Not Delhi,26.460005,74.629799
"Topdara, Ajmer, Rajasthan",Not Delhi,26.458269,74.638405
"Jhandewalan, New Delhi",Delhi,28.647284,77.202835
"Hata Bazar, Hata, Uttar Pradesh",Not Delhi,26.371571,83.469711
"Najafgarh, New Delhi",Delhi,28.609013,76.985451
"Dhilwan, Jalandhar, Punjab",Not Delhi,31.315046,75.645538
"Agroya Nagar, Latur, Maharashtra",Not Delhi,18.411379,76.551811
"Periyar Nagar, Erode, Tamil Nadu",Not Delhi,11.332820,77.724464
"Sector 15A, Faridabad, Haryana",Not Delhi,28.395403,77.315292
"Methal nagar, Ambernath, Thane, Maharashtra",Not Delhi,19.206821,73.202995
"Tarnaka, Secunderabad, Telangana",Not Delhi,17.427999,78.538490
"Bakramandi, Itwari, Nagpur, Maharashtra",Not Delhi,21.158480,79.095932
"Hariyali, Mumbai, Maharashtra",Not Delhi,19.103491,72.930786
"Simada Gam, Surat, Gujarat",Not Delhi,21.221901,72.900063
"Rahara, Kolkata, West Bengal",Not Delhi,22.723703,88.381622
"Chandannagar, West Bengal",Not Delhi,22.864773,88.363258
"Gandhi Chowk, Nagaur, Rajasthan",Not Delhi,27.199755,73.741013
"Dayal Bagh, Agra, Uttar Pradesh",Not Delhi,27.229446,78.007179
"Udwant Nagar, Arrah, Bihar",Not Delhi,25.558577,84.672592
"Tilak Nagar, Khatauli, Uttar Pradesh",Not Delhi,29.276920,77.742348
"Mithila Nagar, Meerpet, Hyderabad, Telangana",Not Delhi,17.327404,78.521362
"Jillelaguda, Hyderabad, Telangana",Not Delhi,17.331709,78.529747
"Pimple Gurav, New Sangavi, Pune, Maharashtra",Not Delhi,18.587120,73.813034
"Morapora, Cooch Behar, West Bengal",Not Delhi,26.323757,89.450188
"Mango, Jamshedpur, Jharkhand",Not Delhi,22.834177,86.219185
"Sorabji Compound, Sardar Colony, Ahmedabad, Gujarat",Not Delhi,23.054422,72.570023
"Shivarampet, Mysuru, Karnataka",Not Delhi,12.310266,76.647987
"Pimple Saudagar, Pimpri-Chinchwad, Maharashtra",Not Delhi,18.592562,73.788132
"Munshi Pulia, Lucknow, Uttar Pradesh",Not Delhi,26.884535,80.994736
"Kathawatia Urf Kathaur, Uttar Pradesh",Not Delhi,26.722151,83.366249
"Kirari Suleman Nagar, New Delhi",Delhi,28.701616,77.048088
"Farooqnagar, Telangana",Not Delhi,17.073072,78.210449
"Azad Nagar, Hisar, Haryana",Not Delhi,29.122923,75.699387
"ASHIANA, Bankura, West Bengal",Not Delhi,23.230000,87.078003
"Gaurav Nagar, Islampur, Bihar",Not Delhi,25.145596,85.202698
"Sindhi Colony, Akola, Maharashtra",Not Delhi,20.693438,77.003197
"Chakisain, Uttarakhand",Not Delhi,30.153292,78.986504
"Kundan Nagar, Aligarh, Uttar Pradesh",Not Delhi,27.910110,78.054649
"Madhuban, Chittorgarh, Rajasthan",Not Delhi,24.864614,74.616852
"Jasola, New Delhi",Delhi,28.548244,77.288719
"Akshay Park, Wakad, Pimpri-Chinchwad, Maharashtra",Not Delhi,18.607235,73.769249
"Madanayakahalli, Karnataka",Not Delhi,13.059039,77.463959
"Haziapur, Gopalganj, Bihar",Not Delhi,26.467884,84.444649
"Kasba, Kolkata, West Bengal",Not Delhi,22.517618,88.384048
"Mominpura, Risod, Maharashtra",Not Delhi,19.974880,76.785637
"Garhi Jassi, Loni Dehat, Uttar Pradesh",Not Delhi,28.766350,77.285294
"Desu Colony, Vasant Kunj, New Delhi",Delhi,28.510918,77.175064
"Koregaon Park, Pune, Maharashtra",Not Delhi,18.536207,73.893974
"Huda Sector, Narnaul, Haryana",Not Delhi,28.062428,76.105087
"Saradapally, Panagarh, West Bengal",Not Delhi,23.444250,87.451111
"Ponnempadam, Vazhayur, Kerala",Not Delhi,11.218044,75.881927
"Hauz Khas, New Delhi",Delhi,28.549507,77.203613
"Kalachauki, Mahul, Chembur, Mumbai, Maharashtra",Not Delhi,19.009773,72.901756
"Pathik A&B, Kandivali East, Mumbai, Maharashtra",Not Delhi,19.212009,72.861557
"Nirmal Nagar Society, Nana Varachha, Surat, Gujarat",Not Delhi,21.220821,72.884438
"P&T Colony, RT Nagar, Bengaluru, Karnataka ",Not Delhi,13.022119,77.593231
"RT Nagar, Bengaluru, Karnataka",Not Delhi,13.019318,77.595718
"Rajendra Colony, Faridabad, Haryana",Not Delhi,28.429411,77.312271
"Hatband, Chhattisgarh",Not Delhi,21.288954,81.555389
"Chitrakoot, Jaipur, Rajasthan",Not Delhi,26.901875,75.738869
"Narayan Nagar, Khandwa, Madhya Pradesh",Not Delhi,21.819508,76.366623
"Gharoli Dairy Farm, New Delhi",Delhi,28.612646,77.331009
"Lala Ka Bagh, Saharanpur, Uttar Pradesh",Not Delhi,29.962667,77.552727
"Olaichanditala, Hooghly, West Bengal",Not Delhi,22.910748,88.389893
"K. K. Nagar, Chennai, Tamil Nadu",Not Delhi,13.041007,80.199432
"Koyana Nagar, Satara, Maharashtra",Not Delhi,17.694113,74.000916
"KAS Nagar, Karungalpalayam, Erode, Tamil Nadu",Not Delhi,11.351302,77.738434
"Bhadrakali, Uttarpara Kotrung, West Bengal",Not Delhi,22.674788,88.347237
"Kautha, Nanded, Maharashtra",Not Delhi,19.135532,77.323830
"Adarsh Colony, Faridabad, Haryana",Not Delhi,28.406277,77.295822
"Subhash Nagar, Hardoi, Uttar Pradesh",Not Delhi,27.399679,80.119270
"Hanuman Colony, Guna, Madhya Pradesh",Not Delhi,24.646311,77.316887
"Anna Nagar, Palani, Tamil Nadu",Not Delhi,10.452986,77.517242
"Chandausi, Moradabad, Uttar Pradesh",Not Delhi,28.816015,78.771858
"Kalu Kuwana, Banda, Uttar Pradesh",Not Delhi,25.475416,80.344963
"Air Force Area, Uttar Pradesh",Not Delhi,26.756035,83.424019
"Anand Nagar, Osmanabad, Maharashtra",Not Delhi,18.172821,76.038010
"Old City, Gondal, Gujarat",Not Delhi,21.959015,70.800842
"Gobarsahi, Muzaffarpur, Bihar",Not Delhi,26.107294,85.358841
"Green Park, Dhule, Maharashtra",Not Delhi,20.888765,74.771164
"Basavanagar, Bengaluru, Karnataka",Not Delhi,12.967183,77.680382
"Somesh Vihar, Chhawla, New Delhi",Delhi,28.556580,77.014702
"Sago Bandh, Uttar Pradesh",Not Delhi,23.903416,83.115692
"Pratap Nagar, Mayur Vihar, New Delhi",Delhi,28.624535,77.104065
"Ranga Reddy, Telangana",Not Delhi,17.390654,77.834694
"Vellayil, Kozhikode, Kerala",Not Delhi,11.267495,75.772820
"Yamuna Vihar, Shahdara, New Delhi",Delhi,28.700939,77.272102
"Eranhippalam, Kozhikode, Kerala",Not Delhi,11.279343,75.784348
"Haridarshan Society, Kamrej, Gujarat",Not Delhi,21.265884,72.951202
"Edodi, Vadakara, Kerala",Not Delhi,11.597591,75.593025
"Ramayan Nagari, Bhandara, Maharashtra",Not Delhi,21.175398,79.651016
"Kshepakali Para, Katwa, West Bengal",Not Delhi,23.645163,88.128990
"Nehru Park, Akola, Maharashtra",Not Delhi,20.704458,77.000114
"Vatika Colony, Padrauna, Uttar Pradesh",Not Delhi,26.896267,83.980400
"Magrahat-II, West Bengal",Not Delhi,22.240862,88.378754
"Meerut Cantt, Meerut, Uttar Pradesh",Not Delhi,28.993757,77.682243
"Vedayapalem, Andhra Pradesh",Not Delhi,14.411602,79.957672
"Ramnagar, Bardoli, Gujarat",Not Delhi,21.127951,73.103119
"Damaali, Maharashtra",Not Delhi,19.909174,73.225578
"Maangelwada, Jawhar, Maharashtra",Not Delhi,19.907251,73.229721
"Durga Agraharam, Vijayawada, Andhra Pradesh",Not Delhi,16.515804,80.633980
"Thirunagar, Tamil Nadu",Not Delhi,9.884512,78.052353
"Jaltolia, Bihar",Not Delhi,26.368320,84.400032
"Adajan, Surat, Gujarat",Not Delhi,21.192572,72.799736
"Suthiya Pura, Bharuch, Gujarat",Not Delhi,21.699881,72.993675
"Humchand Nagar, Kannad, Maharashtra",Not Delhi,20.261080,75.133263
"Changra Nagar, Saahrsa, Bihar",Not Delhi,25.883163,86.613335
"Kavi Nagar, Ghaziabad, Uttar Pradesh",Not Delhi,28.663649,77.452271
"Royal City, Thanjavur, Tamil Nadu",Not Delhi,10.794356,79.152161
"Mangal Nagar, Saharanpur, Uttar Pradesh",Not Delhi,29.967157,77.552391
"Arundelpet, Guntur, Andhra Pradesh",Not Delhi,16.305141,80.440300
"Shahapur, Belgaum, Karnataka",Not Delhi,15.842956,74.517593
"Kapileswar Colony, Belgaum, Karnataka",Not Delhi,15.848490,74.519058
"Eiswari Nagar, Thanjavur, Tamil Nadu",Not Delhi,10.764780,79.111809
"Juhi, Kanpur, Uttar Pradesh",Not Delhi,26.441172,80.318527
"Nature Valley Homes Saroli, Surat, Gujarat",Not Delhi,21.194984,72.885963
"Enayat Colony, Gaya, Bihar",Not Delhi,24.793182,85.003525
"Edalakudi, Nagercoil, Tamil Nadu",Not Delhi,8.165975,77.445312
"Vadiveeswaram, Tamil Nadu",Not Delhi,8.145766,77.428604
"Sevvalpatti, Kovilpatti, Tamil Nadu",Not Delhi,9.179168,77.873825
"Tandon Bagicha, Damoh, Madhya Pradesh",Not Delhi,23.831814,79.435226
"Rangirkhari, Silchar, Assam",Not Delhi,24.811365,92.796753
"Bajepratappur, Burdwan, West Bengal",Not Delhi,23.259977,87.876320
"West Vinod Nagar, New Delhi",Delhi,28.702398,77.220932
"Nathayyapalem, Visakhapatnam, Andhra Pradesh",Not Delhi,17.711826,83.196381
"Hmar Veng, Kolasib, Mizoram",Not Delhi,24.236986,92.676147
"Bhaba Nagar, Brahmapur, Odisha",Not Delhi,19.312681,84.804306
"Krishna Colony, Hindaun City, Rajasthan",Not Delhi,26.737024,77.026207
"Kareemabad, Warangal, Telangana",Not Delhi,17.960342,79.593246
"Bekarbandh, Dhanbad, Jharkhand",Not Delhi,23.801523,86.425964
"Palakkad, Pollachi, Tamil Nadu",Not Delhi,10.660207,76.996727
"Morya Nagar, Nala Sopara, Maharashtra",Not Delhi,19.426611,72.813583
"Korroni Thanda, Telangana",Not Delhi,16.694265,78.910080
"Jamb, Hinganghat, Maharashtra",Not Delhi,20.538774,78.831268
"Esplanade, Chennai, Tamil Nadu",Not Delhi,13.084411,80.281616
"Namarer Bagan, Chandannagar, West Bengal",Not Delhi,22.846764,88.367058
"Kali Bazar, Gangasagar, West Bengal",Not Delhi,21.647655,88.076469
"Kaliket Nagar, Danapur, Bihar",Not Delhi,25.611723,85.046730
"Shah-Hamdan Colony, Srinagar, Kashmir",Not Delhi,34.035198,74.817482
"Kukatpally, Telangana",Not Delhi,17.494944,78.399734
"Kanaknagar, Rajkot, Gujarat",Not Delhi,22.297983,70.824631
"H block, Sector 63, Noida",Not Delhi,28.628454,77.376945
"Santoshpur, Kolkata, West Bengal",Not Delhi,22.487022,88.387131
"Birla Nagar, Gwalior, Madhya Pradesh",Not Delhi,26.233717,78.187790
"Kendua Sonatore, West Bengal",Not Delhi,23.899002,87.538818
"Pipradeora, Maharajganj, Uttar Pradesh",Not Delhi,27.140041,83.550888
"Arra, Kanpur, Uttar Pradesh",Not Delhi,26.401413,80.302307
"Araria Mahalla, Araria, Bihar",Not Delhi,26.134132,87.448013
"Bapu Park, South Extension I, New Delhi",Delhi,28.575327,77.223526
"Uttarahalli Hobli, Bengaluru, Karnataka",Not Delhi,12.906880,77.552177
"Tavarekere, Bengaluru, Karnataka",Not Delhi,12.926159,77.605797
"Hebbal, Bengaluru, Karnataka",Not Delhi,13.035781,77.597008
"Chikkajala, Karnataka",Not Delhi,13.171509,77.635330
"Majestic, Bengaluru, Karnataka",Not Delhi,12.977439,77.570839
"Yeshwanthpur, Karnataka",Not Delhi,13.027966,77.540916
"Sonnenahalli, Bengaluru, Karnataka",Not Delhi,12.937803,77.483101
"Nagarbhavi, Bengaluru, Karnataka",Not Delhi,12.961025,77.512688
"Bahadurpura, Hyderabad, Telangana",Not Delhi,17.357674,78.461906
"Edappally, Kochi, Kerala",Not Delhi,10.023286,76.311371
"Mukundwadi, Maharashtra",Not Delhi,19.855619,75.380325
"Vikaspuri, New Delhi",Delhi,28.638754,77.073807
"Nathalal Colony, Ahmedabad, Gujarat",Not Delhi,23.046453,72.560043
"Nigam Nagar, Ahmedabad, Gujarat",Not Delhi,23.110266,72.591690
"Moula Ali, Secunderabad, Telangana",Not Delhi,17.460293,78.557838
"Konark Nagar, Nashik, Maharashtra",Not Delhi,20.021883,73.849785
"Kendranagar, Vadodara, Gujarat",Not Delhi,22.291061,73.243126
"Kapila Prasad, Bhubaneshwar, Odisha",Not Delhi,20.234053,85.816391
"Dangui Colony, Mapusa, Goa",Not Delhi,15.596698,73.813065
"Laxminagar Colony, Saidabad, Hyderabad, Telangana",Not Delhi,17.354765,78.512520
"Sadar Bazar, Bhopalgarh, Rajasthan",Not Delhi,26.654217,73.498299
"Krishna Nagar, Veraval, Gujarat",Not Delhi,20.908331,70.358711
"Yerramukkapalli, Kadapa, Andhra Pradesh",Not Delhi,14.462670,78.823837
"Maradu, Ernakulam, Kerala",Not Delhi,9.936811,76.323204
"Mahesh Nagar, Jaipur, Rajasthan",Not Delhi,26.878786,75.784187
Sushant Lok Phase I,Not Delhi,28.463531,77.076950
"Thillaipuram, Periyapatti, Tamil Nadu",Not Delhi,11.217669,78.162872
"Morya Heights, Kharghar, Navi Mumbai, Maharashtra",Not Delhi,19.046707,73.080780
"Madhapar, Bhuj, Gujarat",Not Delhi,23.239769,69.669014
"Gomti Nagar, Lucknow, Uttar Pradesh",Not Delhi,26.862410,81.020348
"Subhash Nagar, Bhilwara, Rajasthan",Not Delhi,25.341543,74.655357
"Gachibowli, Telangana",Not Delhi,17.440081,78.348915
"Vadgaon Budruk, Pune, Maharashtra",Not Delhi,18.466921,73.826561
"Yamuna Nivas, Khadewadi, Maharashtra",Not Delhi,18.444799,73.809181
"Chheharta, Amritsar, Punjab",Not Delhi,31.626261,74.789291
"Mannans Colony, Hyderabad, Telangana",Not Delhi,17.356298,78.448547
"Kodamkulangara, Ernakulam, Kerala",Not Delhi,9.957396,76.342911
"Gaonri, Rajasthan",Not Delhi,24.581760,76.165329
"Tudiyana, Dausa, Rajasthan",Not Delhi,26.891129,76.332848
"Jayraj Plot, Rajkot, Gujarat",Not Delhi,22.290136,70.810135
"Shastri Nagar, New Delhi",Delhi,28.670048,77.181854
"Masjid Moth, Southe Extension II, New Delhi",Delhi,28.562492,77.219406
"Khajrana, Indore, Madhya Pradesh",Not Delhi,22.731457,75.914391
"Ramnagar, Morena, Madhya Pradesh",Not Delhi,26.504740,78.005814
"Kandigai, Chennai, Tamil Nadu",Not Delhi,13.124620,80.193176
"Saidabad, Hyderabad, Telangana",Not Delhi,17.357361,78.511192
"Bhoothnath Nagar, Lalapur, Uttar Pradesh",Not Delhi,28.070620,80.486359
"Karave Village, Navi Mumbai, Maharashtra",Not Delhi,19.016426,73.010269
"Supaul, Bihar",Not Delhi,27.282644,84.599503
"Hyde Park district, Jaipur, Rajasthan",Not Delhi,26.848520,75.787766
"Ber Sarai, Munirka, New Delhi",Delhi,28.549587,77.180496
"Peyodu, Tamil Nadu",Not Delhi,8.159477,77.353973
"Borda, Margao, Goa",Not Delhi,15.286691,73.969780
"Namli, Madhya Pradesh",Not Delhi,23.459316,75.062576
"Marapalam, Erode, Tamil Nadu",Not Delhi,11.338637,77.731224
"Nehru Nagar, Ghaziabad, Uttar Pradesh",Not Delhi,28.653933,77.445244
"New Sneh Nagar, Nagpur, Maharashtra",Not Delhi,21.106831,79.065918
"Khalsa, Mansa, Punjab",Not Delhi,29.995493,75.394318
"Men, Bihar",Not Delhi,25.027067,84.885452
"Shenda Park, Kolhapur, Maharashtra",Not Delhi,16.669649,74.237007
"Akurdi, Vitthalvadi, Pimpri-Chinchwad, Maharashtra",Not Delhi,18.650890,73.778496
"Rakab Ganj, New Delhi",Delhi,28.620749,77.203354
"HRBR Layout, Bengaluru, Karnataka",Not Delhi,13.019144,77.646454
"Bhawanipur Rajdham, Bihar",Not Delhi,25.649021,87.142052
"Maharashtra Society, Ellisbridge, Ahmedabad, Gujarat",Not Delhi,23.028555,72.566948
"Dumbhal, Garib Nawaz Nagar, Surat, Gujarat",Not Delhi,21.184973,72.856926
"Ghatkopar, Mumbai, Maharashtra",Not Delhi,19.085649,72.908218
"Tajpur Rasoolpur, Uttar Pradesh",Not Delhi,27.904745,78.026436
"Virar West, Virar, Maharashtra",Not Delhi,19.462910,72.776001
"Jabbar Colony, Moradabad, Uttar Pradesh",Not Delhi,28.807949,78.770325
"Sultanpur, New Delhi",Delhi,28.493814,77.160629
"Sarkanda, Bilaspur, Chhattisgarh",Not Delhi,22.100241,82.146889
"Hakim Para, Siliguri, West Bengal",Not Delhi,26.714718,88.433372
"Old Malda, West Bengal",Not Delhi,25.057747,88.134972
"Malumichampatty, Tamil Nadu",Not Delhi,10.905185,77.000351
"Tajganj, Agra, Uttar Pradesh",Not Delhi,27.160357,78.054062
"Manthale Nagar, Moti Nagar, Latur, Maharashtra",Not Delhi,18.392300,76.582321
"Ansar Colony, Latur, Maharashtra",Not Delhi,18.404455,76.590057
"Kankaria, Ahmedabad, Gujarat",Not Delhi,23.006741,72.596245
"Panmala, Dattavadi, Pune, Maharashtra",Not Delhi,18.500895,73.839165
"Dwarikapuri, Aligarh, Uttar Pradesh",Not Delhi,27.879303,78.075546
"Shalimar Bagh, New Delhi",Delhi,28.717163,77.157906
"Royal shelters, Devarachikkanahalli, Bengaluru, Karnataka",Not Delhi,12.890294,77.618660
"Kundahalli, Bengaluru, Karnataka",Not Delhi,12.967507,77.709450
"Maltekdi, Amravati, Maharashtra",Not Delhi,20.932762,77.769150
"Sarafa, Amravati, Maharashtra",Not Delhi,20.932142,77.746864
"Dhanas, Chandigarh",Not Delhi,30.768398,76.753250
"Vasai West, Vasai, Maharashtra",Not Delhi,19.366636,72.816101
"Sector 66, Noida, Uttar Pradesh",Not Delhi,28.605511,77.376076
"Enumamula, Warangal, Telangana",Not Delhi,17.987816,79.625053
"Srinivas Nagar, Padmarao Nagar, Secunderabad, Telangana",Not Delhi,17.421736,78.512314
"Wadi, Vadodara, Gujarat",Not Delhi,22.293842,73.216766
"Navrangpura, Ahmedabad, Gujarat",Not Delhi,23.036406,72.561066
"Patel Nagar, Kathua, Jammu and Kashmir",Not Delhi,32.390320,75.518204
"Vitthaldi, Wani, Maharashtra",Not Delhi,20.063187,78.958031
"Panjtirthi, Jammu, Jammu and Kashmir",Not Delhi,32.741238,74.873344
"Pitampura, New Delhi",Delhi,28.699774,77.138596
"Ultadanga, Kolkata, West Bengal",Not Delhi,22.594044,88.385956
"Lalbagh, Lucknow, Uttar Pradesh",Not Delhi,26.846012,80.941322
"Paldi, Ahmedabad, Gujarat",Not Delhi,23.013054,72.562515
"Chembur, Mumbai, Maharashtra",Not Delhi,19.032801,72.896355
"Hanumana, Madhya Pradesh",Not Delhi,24.775000,82.089996
"Narela, New Delhi",Delhi,28.855574,77.090332
"Kachhpura, Uttar Pradesh",Not Delhi,27.182396,78.039871
"Rangpuri, New Delhi",Delhi,28.530846,77.108749
"Krishnanagar, Saijpur Bogha, Ahmedabad, Gujarat",Not Delhi,23.058451,72.645699
"Patti Kawan, Bahora Kalan, Haryana",Not Delhi,28.292063,76.851814
"Balongi, Sahibzada Ajit Singh Nagar, Punjab",Not Delhi,30.729311,76.694687
"Hatia, Ranchi, Jharkhand",Not Delhi,23.310863,85.307159
"Kharghar, Navi Mumbai, Maharashtra",Not Delhi,19.047321,73.069908
"Gandhipuram, Coimbatore, Tamil Nadu",Not Delhi,11.020522,76.966698
"Ganesh Baba Nagar, Nashik, Maharashtra",Not Delhi,19.981485,73.802940
"Paliyad, Gujarat",Not Delhi,23.381250,72.551537
"Sadar, Jabalpur, Madhya Pradesh",Not Delhi,23.152790,79.947327
"Rajendra Nagar, Mysuru, Karnataka",Not Delhi,12.329091,76.659714
"Padma Nagar, Bhiwandi, Maharashtra",Not Delhi,19.286274,73.064102
"Chikpete, Bengaluru, Karnataka",Not Delhi,12.970923,77.576317
"Vyankatesh Nagar, Sangli, Maharashtra",Not Delhi,16.867798,74.572609
"Attiguppe, Bengaluru, Karnataka",Not Delhi,12.959791,77.528976
"Kamarajar Salai, Kanchipuram, Tamil Nadu",Not Delhi,12.834982,79.703850
"Papachi Tikati, Kolhapur, Maharashtra",Not Delhi,16.699011,74.220757
"Rasoolpur, Barabanki, Uttar Pradesh",Not Delhi,26.929331,81.197067
"Buddha Colony, Patna, Bihar",Not Delhi,25.622780,85.128548
"Naraina, New Delhi",Delhi,28.632141,77.138855
"Garkheda, Aurangabad, Maharashtra",Not Delhi,19.858644,75.355797
"Ambedkar Nagar, Uttar Pradesh",Not Delhi,26.468395,82.691544
"Motera, Swamannagar, Gujarat",Not Delhi,23.104681,72.602852
"Mallampet, Hyderabad, Telangana",Not Delhi,17.550219,78.335861
"Pethuchettypet, Lawspet, Puducherry, Tamil Nadu",Not Delhi,11.956956,79.820572
"Basaveshwara Nagar, Bengaluru, Karnataka",Not Delhi,12.988618,77.538284
"Juinagar, Navi Mumbai, Maharashtra",Not Delhi,19.051493,73.014992
"Siraspur, New Delhi",Delhi,28.761915,77.139069
"Vartak Nagar, Thane West, Thane, Maharashtra",Not Delhi,19.208258,72.961014
"Ravet, Pimpri-Chinchwad, Maharashtra",Not Delhi,18.652252,73.741905
"Thakurli, Dombivli East, Dombivli, Maharashtra",Not Delhi,19.223276,73.098938
"Ambamata, Udaipur, Rajasthan",Not Delhi,24.585646,73.675850
"C.O.D Colony, Rajwara, Kamla Nagar, Agra, Uttar Pradesh",Not Delhi,27.213606,78.031471
"Attar Mohalla, Thanjavur, Tamil Nadu",Not Delhi,10.786621,79.138565
"Adarsh Nagar, New Delhi",Delhi,28.719646,77.174065
"Benz Circle, Vijayawada, Andhra Pradesh",Not Delhi,16.499725,80.656067
"Adugodi, Bengaluru, Karnataka",Not Delhi,12.942004,77.608307
"Paper Town, Bhadravati, Karnataka",Not Delhi,13.813026,75.705162
"Baba Deep Singh Nagar, Ludhiana, Punjab",Not Delhi,30.860659,75.852669
"Pati Afgaan, Haryana",Not Delhi,29.819033,76.389435
"Pudur, Coimbatore, Tamil Nadu",Not Delhi,11.010286,76.990662
"Sukur Park, Manisha Nagar, Thane, Maharashtra",Not Delhi,19.198675,72.994644
"Thimmarajapuram, Tirunelveli, Tamil Nadu",Not Delhi,8.736721,77.752357
"Mugalpura, Gohana, Haryana",Not Delhi,29.139343,76.702637
"Chanchal, West Bengal",Not Delhi,25.383047,88.016739
"Gandhi Nagar, Chikhli, Maharashtra",Not Delhi,20.348515,76.262573
"Pardesi Pura, Chaitanyawadi, Buldana, Maharashtra",Not Delhi,20.533703,76.183929
"Nawabganj, Kanpur, Uttar Pradesh",Not Delhi,26.492607,80.301811
"Swargate, Pune, Maharashtra",Not Delhi,18.501059,73.862686
"Kedarnath, Uttarakhand",Not Delhi,30.734627,79.066895
"Kamothe, Navi Mumbai, Maharashtra",Not Delhi,19.016804,73.096458
"Bhagwanpur, Bihar",Not Delhi,26.128012,85.361420
"Ziaguda, Hyderabad, Telangana",Not Delhi,17.366859,78.449333
"Gawaleera, Uttar Pradesh",Not Delhi,29.943928,77.540581
"Saidham Society, Bhandup West, Mumbai, Maharashtra",Not Delhi,19.140718,72.923943
"Shri Punit Nagar, Mumbai, Maharashtra",Not Delhi,19.216101,72.848755
"Devara Jeevanahalli, Bengaluru, Karnataka",Not Delhi,13.010948,77.609467
"Malleshwara, Bengaluru, Karnataka",Not Delhi,13.003062,77.564293
"Borivali West, Mumbai, Maharashtra",Not Delhi,19.217907,72.847084
"Sindhrot, Gujarat",Not Delhi,22.329714,73.064514
"Pachengara, Uttar Pradesh",Not Delhi,25.108763,83.016296
"Seal Lane, Tangra, Kolkata, West Bengal",Not Delhi,22.555132,88.379776
"Balag, Himachal Pradesh",Not Delhi,31.378847,77.008324
"Dhankawadi, Pune, Maharashtra",Not Delhi,18.461620,73.850533
"Imalia, Damoh, Madhya Pradesh",Not Delhi,23.821827,79.428894
"Kalasiguda, Hyderabad, Telangana",Not Delhi,17.441378,78.490822
"Arumbakkam, Chennai, Tamil Nadu",Not Delhi,13.071954,80.211266
"Madipakkam, Chennai, Tamil Nadu",Not Delhi,12.965363,80.201653
"Kuvempunagar, Mysore division, Karnataka",Not Delhi,12.284066,76.628807
"Sahibabad, Ghaziabad, Uttar Pradesh",Not Delhi,28.662876,77.343407
"Pilakool, Thalassery, Kerala",Not Delhi,11.746790,75.494316
"Jhalana Chhod, Mansarovar, Jaipur, Rajasthan",Not Delhi,26.843037,75.773483
"Bowenpally, Secunderabad, Telangana",Not Delhi,17.464064,78.473976
"Azad Nagar, Bhilwara, Rajasthan",Not Delhi,25.326876,74.613693
"Barra, Kanpur, Uttar Pradesh",Not Delhi,26.427971,80.296242
"Kotturpuram, Chennai, Tamil Nadu",Not Delhi,13.018031,80.241096
"Mangolpuri, New Delhi",Delhi,28.692537,77.088425
"Dadri, Devsar, Haryana",Not Delhi,28.788055,76.122574
"Rampuri, Kalkaji, New Delhi",Delhi,28.536673,77.259552
"Sanjaynagar, Bengaluru, Karnataka",Not Delhi,13.036464,77.576759
"Airoli, Maharashtra",Not Delhi,19.157934,72.993477
"Goalpara, Assam",Not Delhi,26.170000,90.620003
"Bhalukdubi, Assam",Not Delhi,26.128725,90.615677
"Medavakkam, Chennai, Tamil Nadu",Not Delhi,12.917143,80.192352
"Pratap Nagar, Jaipur, Rajasthan",Not Delhi,26.806683,75.810730
"Scheme 78, Indore, Madhya Pradesh",Not Delhi,22.764351,75.891151
"Thaltej, Ahmedabad, Gujarat",Not Delhi,23.049736,72.511726
"Mohan Nagar, Hindaun, Rajasthan",Not Delhi,26.736624,77.034431
"Valasaravakkam, Chennai, Tamil Nadu",Not Delhi,13.048472,80.177490
"Satellite, Ahmedabad",Not Delhi,23.030357,72.517845
"Indira Nagar, Lucknow, Uttar Pradesh",Not Delhi,26.883301,80.983299
"Indirapuram, Uttar Pradesh",Not Delhi,28.641485,77.371384
"Jule, Solapur, Maharashtra",Not Delhi,17.628536,75.914803
"Salem Tabri, Ludhiana, Punjab",Not Delhi,30.932747,75.837418
"Haripura, Vadodara, Gujarat",Not Delhi,22.302227,73.171631
"Nanpura, Surat, Gujarat",Not Delhi,21.190109,72.813934
"Chinar Fortune City, Bhopal, Madhya Pradesh",Not Delhi,23.179260,77.454422
"Radika Park, Anand, Gujarat",Not Delhi,22.556000,72.950996
"Andheri West, Mumbai",Not Delhi,19.136326,72.827660
"Kidwaipur Postal Colony, Patna, Bihar",Not Delhi,25.615042,85.126984
"Mettuguda, Secunderabad, Telangana",Not Delhi,17.433865,78.523125
"Rakabganj, Agra, Uttar Pradesh",Not Delhi,27.171347,78.016685
"Baliawas, New Delhi, Haryana",Delhi,28.430943,77.131432
"Ramgarh, Jharkhand",Not Delhi,23.634380,85.526421
"Safdarjung Enclave, New Delhi",Delhi,28.563286,77.191154
"Vile Parle, Mumbai, Maharashtra",Not Delhi,19.102512,72.845367
"Maninagar, Ahmedabad, Gujarat",Not Delhi,22.996170,72.599586
"Chepauk, Triplicane, Chennai, Tamil Nadu",Not Delhi,13.064262,80.283791
"Harlur, Bengaluru, Karnataka",Not Delhi,12.900836,77.669907
"Laxmi Nagar, New Delhi",Delhi,28.636589,77.274315
"Elachipalayam, Tamil Nadu",Not Delhi,11.385917,78.013832
"West Garo Hills, Meghalaya",Not Delhi,25.567938,90.224464
"Purba Medinipur, West Bengal",Not Delhi,21.937288,87.776337
"Sopore, Jammu and Kashmir",Not Delhi,34.298676,74.470146
"Old Housing Board Colony, Panipat, Haryana",Not Delhi,29.396534,76.962662
"Jambli Naka, Thane, Maharashtra",Not Delhi,19.190956,72.978828
"Rani Bazar, Bikaner, Rajasthan",Not Delhi,28.007235,73.317078
"College Road, Nashik, Maharashtra",Not Delhi,20.003805,73.760559
"Barari, Bihar",Not Delhi,25.503117,87.366180
"Thillai Nagar, Sangillyandapuram, Tiruchirappalli, Tamil Nadu",Not Delhi,10.793190,78.686676
"Lasudia Mori, Indore, Madhya Pradesh",Not Delhi,22.790840,75.894058
"Kishanganj, Bihar",Not Delhi,26.307793,87.776337
"Teynampet, Chennai, Tamil Nadu",Not Delhi,13.044403,80.251648
"Shanti Nagar, Fatehpur, Uttar Pradesh",Not Delhi,25.927673,80.826889
"Anna Nagar, Saidapet, Chennai, Tamil Nadu",Not Delhi,13.018410,80.223068
"Mhasva, Maharashtra",Not Delhi,20.894115,75.227486
"Satpur, Nashik, Maharashtra",Not Delhi,19.997440,73.721283
"Gottigere, Bangalore, Karnataka",Not Delhi,12.862374,77.587730
"Adugodi, Bangalore, Karnataka",Not Delhi,12.943882,77.609222
"ATT Colony, Coimbatore, Tamil Nadu",Not Delhi,11.009958,76.971504
"Ram Nagar, Jaipur, Rajasthan",Not Delhi,26.900333,75.773911
"Saraspur, Ahmedabad, Gujarat",Not Delhi,23.029661,72.612160
"Pipliyahana, Indore, Madhya Pradesh",Not Delhi,22.709221,75.902046
"Tehri Garhwal, Uttarakhand",Not Delhi,30.293461,78.524094
"Saraswathipuram, Mysore, Karnataka",Not Delhi,12.304202,76.632607
"Bemina, Srinagar, Jammu and Kashmir",Not Delhi,34.076550,74.774666
"Rudravaram, Andhra Pradesh",Not Delhi,15.757119,78.089439
"Rohini, New Delhi",Delhi,28.737324,77.090981
"Kochadhaman, Kishan Ganj, Bihar",Not Delhi,26.105259,87.954308
"Mulund West, Maharashtra",Not Delhi,19.174673,72.943108
"Sabarmati, Ahmedabad, Gujarat",Not Delhi,23.084591,72.588501
"Basni, Jodhpur, Rajasthan",Not Delhi,26.223370,72.998917
"Gumanpura, Kota, Rajasthan",Not Delhi,25.162998,75.845322
"Meyyanur, Salem, Tamil Nadu",Not Delhi,11.671406,78.132210
"Sithio, Jharkhand",Not Delhi,23.397568,84.718498
"Wadala Village, Wadala, Mumbai, Maharashtra",Not Delhi,19.023010,72.859352
"Paralakhemundi, Odisha",Not Delhi,18.778294,84.093651
"Gulabi Bagh, New Delhi",Delhi,28.672064,77.193459
"Kukatpally, Hyderabad",Not Delhi,17.491659,78.391983
"Ludhiana, Punjab",Not Delhi,30.900965,75.857277
"Paharganj, New Delhi",Delhi,28.642361,77.217110
"Vikhroli East, Mumbai, Maharashtra",Not Delhi,19.105270,72.934372
"Bhandup West, Mumbai, Maharashtra",Not Delhi,19.149900,72.931137
"Andul, West Bengal",Not Delhi,22.583170,88.237656
"Jangpura, New Delhi",Delhi,28.581804,77.247704
"Howrah, West Bengal",Not Delhi,22.595770,88.263641
"Kalahandi, Odisha",Not Delhi,20.103298,83.164902
"Gopalapuram, Tamil Nadu",Not Delhi,17.103090,81.542862
"Koramangala, Bangalore",Not Delhi,12.934533,77.626579
"Mathikere, Bangalore, Karnataka",Not Delhi,13.021233,77.565781
"Jayankondam, Tamil Nadu",Not Delhi,11.218143,79.367897
"Dabgram, Siliguri, West Bengal",Not Delhi,26.691944,88.451271
"Gurgaon Rural, Haryana",Not Delhi,28.481216,77.019135
"Whitefield, Karnataka",Not Delhi,12.971389,77.750130
"Churchgate, Mumbai, Maharashtra",Not Delhi,18.932245,72.826439
"Shirol, Maharashtra",Not Delhi,16.736004,74.604118
"Prabhadevi, Mumbai",Not Delhi,19.016439,72.829422
"Beliaghata, Kolkata, West Bengal",Not Delhi,22.567415,88.392433
"Cuffe Parade, Mumbai, Maharashtra",Not Delhi,18.914042,72.821693
"Bhuleshwar, Mumbai",Not Delhi,18.956259,72.830193
"Punjabi Market, Pratapgarh, Uttar Pradesh",Not Delhi,25.895248,81.939369
"Greenwood Sonata, Kolkata",Not Delhi,22.622389,88.452339
